{
    "questCount": 24,
    "answers": {
        "Name": "",
        "Surname": "",
        "Date": "",
        "Place": "",
        "Nation": "",
        "Adress": "",
        "Height": "",
        "Weight": "",
        "ClEy": "",
        "ClH": "",
        "MobPhone": "",
        "Email": "",
        "CivilStat": "",
        "NextOfKin": "",
        "AdressNxt": "",
        "Nbr": "",
        "Airport": "",
        "Position": "",
        "ntPassNum": "",
        "ntPassIss": "",
        "ntPassVal": "",
        "ntPassCity": "",
        "ntBookNum": "",
        "ntBookIss": "",
        "ntBookVal": "",
        "ntBookCity": "",
        "diplomeNum": "",
        "diplomeIss": "",
        "diplomeVal": "",
        "diplomeCity": "",
        "solasNum": "",
        "solasIss": "",
        "solasVal": "",
        "solasCount": "",
        "null": "kkkk",
        "1": "1",
        "2": "1",
        "3": "1",
        "4": "1",
        "5": "1",
        "6": "1",
        "7": "1",
        "8": "1",
        "9": "1",
        "10": "",
        "11": "1",
        "12": "1",
        "13": "1",
        "14": "1",
        "15": "1",
        "16": "1",
        "17": "1",
        "18": "1",
        "19": "1",
        "20": "1",
        "21": "1",
        "22": "1"
    }
}